participant_id	age	sex	ethnicity_white	group	primary_diagnosis	cmars_madrs_tot	cmars_hamd_24_tot	cmars_hama_tot	ssi_total_curr	ssi_total_past
sub-111	29.2	female	non_white	SR	BP	34	31	16	1	24
sub-112	21.7	male	white	SR	MDD	36	31	17	2	32
sub-113	23.6	female	white	SR	MDD	21	19	13	1	31
sub-226	60.7	male	white	SR	MDD	6	5	7	0	34
sub-228	42.0	female	white	SR	BP	1	8	10	9	31
sub-237	50.6	female	white	SR	BP	27	24	18	2	26
sub-238	25.0	female	white	SR	BP	13	14	9	0	32
sub-239	28.3	female	non_white	SR	MDD	24	18	11	2	28
sub-240	34.3	female	white	SR	MDD	28	17	14	1	30
sub-319	24.0	female	white	CC	MDD	22	21	13	0	2
sub-321	22.4	female	non_white	CC	MDD	21	18	15	0	15
sub-322	63.3	female	white	CC	MDD	13	15	10	0	4
sub-323	60.1	female	white	CC	MDD	23	17	17	0	0
sub-324	59.4	male	white	CC	BP	37	33	16	6	6
sub-325	19.6	male	white	CC	MDD	31	22	13	0	12
sub-332	48.5	male	white	CC	MDD	19	16	9	2	16
sub-337	48.4	female	non_white	CC	MDD	20	7	5	0	11
sub-339	53.3	male	white	CC	MDD	42	34	22	4	26
sub-340	67.2	female	white	CC	MDD	21	18	13	0	16
sub-341	57.5	female	white	CC	MDD	14	14	5	1	19
sub-342	65.7	female	white	CC	MDD	25	20	12	0	0
sub-344	51.4	female	white	CC	BP	25	19	14	0	0
sub-422	36.5	female	white	HV	n/a	0	1	0	0	0
sub-423	24.2	male	non_white	HV	n/a	4	2	1	0	0
sub-426	30.8	male	white	HV	n/a	0	0	0	0	0
sub-427	49.5	male	white	HV	n/a	2	0	1	0	0
sub-428	33.0	female	non_white	HV	n/a	0	0	0	0	0
sub-429	25.7	male	white	HV	n/a	2	3	3	0	0
sub-432	32.1	male	non_white	HV	n/a	0	0	0	0	0
sub-434	27.6	male	non_white	HV	n/a	1	0	0	0	0
sub-451	21.0	female	non_white	HV	n/a	n/a	n/a	n/a	n/a	n/a
sub-452	23.0	female	white	HV	n/a	n/a	n/a	n/a	n/a	n/a
sub-453	30.0	female	white	HV	n/a	n/a	n/a	n/a	n/a	n/a
sub-454	24.0	female	white	HV	n/a	n/a	n/a	n/a	n/a	n/a
sub-455	27.0	male	non_white	HV	n/a	n/a	n/a	n/a	n/a	n/a
sub-456	23.0	female	non_white	HV	n/a	n/a	n/a	n/a	n/a	n/a
sub-457	35.0	female	white	HV	n/a	n/a	n/a	n/a	n/a	n/a
sub-458	26.0	male	white	HV	n/a	n/a	n/a	n/a	n/a	n/a
sub-459	30.0	female	non_white	HV	n/a	n/a	n/a	n/a	n/a	n/a
sub-460	30.0	male	non_white	HV	n/a	n/a	n/a	n/a	n/a	n/a
sub-509	39.3	female	white	SR	MDD	25	18	15	2	28
sub-511	40.1	female	white	SR	BP	6	3	4	1	25
sub-520	32.5	male	white	SR	MDD	23	25	13	0	23
