onset	duration	event_type	trial_type	response	value	sample
2.1525	0.5	stimulus	DC	n/a	1	2583
4.8525	0.5	stimulus	DC	n/a	1	5823
7.335833333333333	0.5	stimulus	LI	n/a	4	8803
10.051666666666666	0.5	stimulus	DI	n/a	2	12062
12.551666666666666	0.5	stimulus	DC	n/a	1	15062
15.218333333333334	0.5	stimulus	DC	n/a	1	18262
17.701666666666668	0.5	stimulus	NN	n/a	5	21242
20.401666666666667	0.5	stimulus	LC	n/a	3	24482
23.001666666666665	0.5	stimulus	NN	n/a	5	27602
25.485	0.5	stimulus	NN	n/a	5	30582
28.250833333333333	0.5	stimulus	DI	n/a	2	33901
30.784166666666668	0.5	stimulus	DC	n/a	1	36941
31.96	0	response	n/a	bottom	6	38352
33.350833333333334	0.5	stimulus	LC	n/a	3	40021
34.494166666666665	0	response	n/a	top	8	41393
36.00083333333333	0.5	stimulus	NN	n/a	5	43201
36.97833333333333	0	response	n/a	bottom	6	44374
38.5175	0.5	stimulus	NN	n/a	5	46221
39.586666666666666	0	response	n/a	bottom	6	47504
41.1675	0.5	stimulus	LC	n/a	3	49401
42.135	0	response	n/a	top	8	50562
43.766666666666666	0.5	stimulus	NN	n/a	5	52520
45.053333333333335	0	response	n/a	bottom	6	54064
46.416666666666664	0.5	stimulus	DI	n/a	2	55700
47.346666666666664	0	response	n/a	top	8	56816
49.11666666666667	0.5	stimulus	DI	n/a	2	58940
50.07833333333333	0	response	n/a	bottom	6	60094
51.833333333333336	0.5	stimulus	LC	n/a	3	62200
52.735	0	response	n/a	top	8	63282
54.55	0.5	stimulus	LI	n/a	4	65460
55.64083333333333	0	response	n/a	top	8	66769
57.016666666666666	0.5	stimulus	NN	n/a	5	68420
58.065	0	response	n/a	bottom	6	69678
59.5325	0.5	stimulus	LI	n/a	4	71439
60.56	0	response	n/a	bottom	6	72672
62.26583333333333	0.5	stimulus	LI	n/a	4	74719
63.21333333333333	0	response	n/a	top	8	75856
64.81583333333333	0.5	stimulus	LI	n/a	4	77779
65.75833333333334	0	response	n/a	top	8	78910
67.44916666666667	0.5	stimulus	LC	n/a	3	80939
68.40666666666667	0	response	n/a	top	8	82088
70.1325	0.5	stimulus	LI	n/a	4	84159
71.13166666666666	0	response	n/a	bottom	6	85358
72.79916666666666	0.5	stimulus	NN	n/a	5	87359
73.75916666666667	0	response	n/a	top	8	88511
75.49916666666667	0.5	stimulus	NN	n/a	5	90599
76.47916666666667	0	response	n/a	top	8	91775
78.23166666666667	0.5	stimulus	DI	n/a	2	93878
79.16166666666666	0	response	n/a	top	8	94994
80.79833333333333	0.5	stimulus	NN	n/a	5	96958
81.91833333333334	0	response	n/a	bottom	6	98302
83.33166666666666	0.5	stimulus	DI	n/a	2	99998
84.26	0	response	n/a	top	8	101112
86.065	0.5	stimulus	NN	n/a	5	103278
86.9925	0	response	n/a	bottom	6	104391
88.63166666666666	0.5	stimulus	DI	n/a	2	106358
89.58083333333333	0	response	n/a	top	8	107497
91.24833333333333	0.5	stimulus	NN	n/a	5	109498
92.34833333333333	0	response	n/a	top	8	110818
93.9975	0.5	stimulus	LC	n/a	3	112797
95.00083333333333	0	response	n/a	bottom	6	114001
96.73083333333334	0.5	stimulus	DC	n/a	1	116077
97.6825	0	response	n/a	bottom	6	117219
99.41416666666667	0.5	stimulus	NN	n/a	5	119297
100.31	0	response	n/a	bottom	6	120372
102.11416666666666	0.5	stimulus	DC	n/a	1	122537
103.055	0	response	n/a	bottom	6	123666
104.6475	0.5	stimulus	LI	n/a	4	125577
105.7325	0	response	n/a	bottom	6	126879
107.18083333333334	0.5	stimulus	LC	n/a	3	128617
108.0875	0	response	n/a	bottom	6	129705
109.76333333333334	0.5	stimulus	DI	n/a	2	131716
110.89583333333333	0	response	n/a	top	8	133075
112.24666666666667	0.5	stimulus	NN	n/a	5	134696
113.2475	0	response	n/a	top	8	135897
114.86333333333333	0.5	stimulus	NN	n/a	5	137836
115.9875	0	response	n/a	top	8	139185
117.49666666666667	0.5	stimulus	LC	n/a	3	140996
118.61666666666666	0	response	n/a	top	8	142340
120.06333333333333	0.5	stimulus	NN	n/a	5	144076
121.0525	0	response	n/a	top	8	145263
122.63	0.5	stimulus	LC	n/a	3	147156
123.60583333333334	0	response	n/a	top	8	148327
125.39666666666666	0.5	stimulus	LI	n/a	4	150476
126.4975	0	response	n/a	bottom	6	151797
128.12916666666666	0.5	stimulus	NN	n/a	5	153755
129.04583333333332	0	response	n/a	top	8	154855
130.64583333333334	0.5	stimulus	DI	n/a	2	156775
131.65166666666667	0	response	n/a	bottom	6	157982
133.3625	0.5	stimulus	NN	n/a	5	160035
134.3775	0	response	n/a	bottom	6	161253
135.82916666666668	0.5	stimulus	DC	n/a	1	162995
136.91083333333333	0	response	n/a	top	8	164293
138.3125	0.5	stimulus	DC	n/a	1	165975
139.4825	0	response	n/a	top	8	167379
140.8125	0.5	stimulus	NN	n/a	5	168975
141.77666666666667	0	response	n/a	bottom	6	170132
143.445	0.5	stimulus	NN	n/a	5	172134
144.52166666666668	0	response	n/a	top	8	173426
146.07833333333335	0.5	stimulus	DC	n/a	1	175294
147.05333333333334	0	response	n/a	bottom	6	176464
148.86166666666668	0.5	stimulus	NN	n/a	5	178634
149.92416666666668	0	response	n/a	bottom	6	179909
151.61166666666668	0.5	stimulus	NN	n/a	5	181934
152.72083333333333	0	response	n/a	top	8	183265
154.31166666666667	0.5	stimulus	LC	n/a	3	185174
155.30083333333334	0	response	n/a	bottom	6	186361
157.06166666666667	0.5	stimulus	LI	n/a	4	188474
158.14583333333334	0	response	n/a	top	8	189775
159.81083333333333	0.5	stimulus	DI	n/a	2	191773
160.78666666666666	0	response	n/a	bottom	6	192944
162.4275	0.5	stimulus	DC	n/a	1	194913
163.39916666666667	0	response	n/a	top	8	196079
165.01083333333332	0.5	stimulus	NN	n/a	5	198013
166.02	0	response	n/a	bottom	6	199224
167.64416666666668	0.5	stimulus	LI	n/a	4	201173
168.58916666666667	0	response	n/a	top	8	202307
170.3275	0.5	stimulus	LI	n/a	4	204393
171.33833333333334	0	response	n/a	top	8	205606
172.8775	0.5	stimulus	DC	n/a	1	207453
173.9025	0	response	n/a	top	8	208683
175.39333333333335	0.5	stimulus	DC	n/a	1	210472
176.31333333333333	0	response	n/a	top	8	211576
178.12666666666667	0.5	stimulus	DI	n/a	2	213752
179.09	0	response	n/a	top	8	214908
180.71	0.5	stimulus	NN	n/a	5	216852
181.64833333333334	0	response	n/a	top	8	217978
183.29333333333332	0.5	stimulus	NN	n/a	5	219952
184.42416666666668	0	response	n/a	bottom	6	221309
185.77666666666667	0.5	stimulus	NN	n/a	5	222932
187.16	0	response	n/a	bottom	6	224592
188.52666666666667	0.5	stimulus	LC	n/a	3	226232
189.6425	0	response	n/a	bottom	6	227571
191.24333333333334	0.5	stimulus	NN	n/a	5	229492
192.25583333333333	0	response	n/a	bottom	6	230707
193.7925	0.5	stimulus	LI	n/a	4	232551
194.8125	0	response	n/a	top	8	233775
196.4425	0.5	stimulus	LI	n/a	4	235731
197.43583333333333	0	response	n/a	bottom	6	236923
198.8925	0.5	stimulus	DI	n/a	2	238671
200.035	0	response	n/a	bottom	6	240042
201.65916666666666	0.5	stimulus	NN	n/a	5	241991
202.63333333333333	0	response	n/a	bottom	6	243160
204.40916666666666	0.5	stimulus	DI	n/a	2	245291
205.43333333333334	0	response	n/a	top	8	246520
207.05916666666667	0.5	stimulus	DC	n/a	1	248471
208.0675	0	response	n/a	bottom	6	249681
209.675	0.5	stimulus	NN	n/a	5	251610
210.74416666666667	0	response	n/a	bottom	6	252893
212.34166666666667	0.5	stimulus	DI	n/a	2	254810
213.28	0	response	n/a	top	8	255936
214.94166666666666	0.5	stimulus	DC	n/a	1	257930
215.9325	0	response	n/a	top	8	259119
217.625	0.5	stimulus	LC	n/a	3	261150
218.66	0	response	n/a	top	8	262392
220.10833333333332	0.5	stimulus	LI	n/a	4	264130
221.10833333333332	0	response	n/a	bottom	6	265330
222.825	0.5	stimulus	NN	n/a	5	267390
223.81583333333333	0	response	n/a	top	8	268579
225.37416666666667	0.5	stimulus	DI	n/a	2	270449
226.38916666666665	0	response	n/a	bottom	6	271667
227.87416666666667	0.5	stimulus	LI	n/a	4	273449
228.915	0	response	n/a	bottom	6	274698
230.39083333333335	0.5	stimulus	DI	n/a	2	276469
231.59916666666666	0	response	n/a	bottom	6	277919
233.07416666666666	0.5	stimulus	NN	n/a	5	279689
234.0775	0	response	n/a	bottom	6	280893
235.74083333333334	0.5	stimulus	LC	n/a	3	282889
236.665	0	response	n/a	bottom	6	283998
238.4575	0.5	stimulus	NN	n/a	5	286149
239.43916666666667	0	response	n/a	top	8	287327
241.12333333333333	0.5	stimulus	NN	n/a	5	289348
242.075	0	response	n/a	bottom	6	290490
243.84	0.5	stimulus	DI	n/a	2	292608
244.92333333333335	0	response	n/a	bottom	6	293908
246.50666666666666	0.5	stimulus	NN	n/a	5	295808
247.62916666666666	0	response	n/a	top	8	297155
248.99	0.5	stimulus	LC	n/a	3	298788
250.12833333333333	0	response	n/a	top	8	300154
251.57333333333332	0.5	stimulus	DI	n/a	2	301888
252.61166666666668	0	response	n/a	bottom	6	303134
254.12333333333333	0.5	stimulus	LC	n/a	3	304948
255.03666666666666	0	response	n/a	top	8	306044
256.89	0.5	stimulus	DI	n/a	2	308268
257.9625	0	response	n/a	top	8	309555
259.58916666666664	0.5	stimulus	NN	n/a	5	311507
260.6191666666667	0	response	n/a	top	8	312743
262.3225	0.5	stimulus	NN	n/a	5	314787
263.37	0	response	n/a	top	8	316044
264.8225	0.5	stimulus	LC	n/a	3	317787
265.8525	0	response	n/a	top	8	319023
267.2891666666667	0.5	stimulus	LC	n/a	3	320747
268.42083333333335	0	response	n/a	bottom	6	322105
269.83916666666664	0.5	stimulus	LC	n/a	3	323807
270.9775	0	response	n/a	top	8	325173
272.4725	0.5	stimulus	DI	n/a	2	326967
273.6525	0	response	n/a	top	8	328383
275.1383333333333	0.5	stimulus	LI	n/a	4	330166
276.24083333333334	0	response	n/a	bottom	6	331489
277.705	0.5	stimulus	DC	n/a	1	333246
278.6925	0	response	n/a	top	8	334431
280.355	0.5	stimulus	NN	n/a	5	336426
281.32166666666666	0	response	n/a	top	8	337586
282.93833333333333	0.5	stimulus	DI	n/a	2	339526
284.095	0	response	n/a	bottom	6	340914
285.62166666666667	0.5	stimulus	LI	n/a	4	342746
286.69916666666666	0	response	n/a	bottom	6	344039
288.305	0.5	stimulus	DC	n/a	1	345966
289.38166666666666	0	response	n/a	bottom	6	347258
290.97083333333336	0.5	stimulus	NN	n/a	5	349165
292.0883333333333	0	response	n/a	top	8	350506
293.6875	0.5	stimulus	LI	n/a	4	352425
294.7391666666667	0	response	n/a	bottom	6	353687
296.42083333333335	0.5	stimulus	NN	n/a	5	355705
297.3933333333333	0	response	n/a	top	8	356872
298.87083333333334	0.5	stimulus	DI	n/a	2	358645
300.06416666666667	0	response	n/a	bottom	6	360077
301.5875	0.5	stimulus	LI	n/a	4	361905
302.5525	0	response	n/a	top	8	363063
304.22083333333336	0.5	stimulus	DC	n/a	1	365065
305.23083333333335	0	response	n/a	top	8	366277
306.77	0.5	stimulus	LI	n/a	4	368124
307.8566666666667	0	response	n/a	bottom	6	369428
309.25333333333333	0.5	stimulus	NN	n/a	5	371104
310.2925	0	response	n/a	top	8	372351
311.82	0.5	stimulus	LC	n/a	3	374184
312.8591666666667	0	response	n/a	top	8	375431
314.55333333333334	0.5	stimulus	LI	n/a	4	377464
315.6175	0	response	n/a	bottom	6	378741
317.2033333333333	0.5	stimulus	LC	n/a	3	380644
318.2316666666667	0	response	n/a	bottom	6	381878
319.68666666666667	0.5	stimulus	LC	n/a	3	383624
320.72333333333336	0	response	n/a	top	8	384868
322.1525	0.5	stimulus	LI	n/a	4	386583
323.1775	0	response	n/a	bottom	6	387813
324.8691666666667	0.5	stimulus	NN	n/a	5	389843
325.8933333333333	0	response	n/a	bottom	6	391072
327.4191666666667	0.5	stimulus	DI	n/a	2	392903
328.3616666666667	0	response	n/a	top	8	394034
329.93583333333333	0.5	stimulus	LC	n/a	3	395923
330.97583333333336	0	response	n/a	bottom	6	397171
332.68583333333333	0.5	stimulus	DI	n/a	2	399223
333.6458333333333	0	response	n/a	top	8	400375
335.2525	0.5	stimulus	NN	n/a	5	402303
336.3566666666667	0	response	n/a	top	8	403628
337.9191666666667	0.5	stimulus	NN	n/a	5	405503
338.95666666666665	0	response	n/a	top	8	406748
340.45166666666665	0.5	stimulus	NN	n/a	5	408542
341.5283333333333	0	response	n/a	bottom	6	409834
343.11833333333334	0.5	stimulus	DC	n/a	1	411742
344.25666666666666	0	response	n/a	bottom	6	413108
345.61833333333334	0.5	stimulus	DC	n/a	1	414742
346.73833333333334	0	response	n/a	bottom	6	416086
348.16833333333335	0.5	stimulus	LC	n/a	3	417802
349.2316666666667	0	response	n/a	top	8	419078
350.835	0.5	stimulus	NN	n/a	5	421002
351.9241666666667	0	response	n/a	top	8	422309
353.3516666666667	0.5	stimulus	NN	n/a	5	424022
354.4716666666667	0	response	n/a	bottom	6	425366
356.0341666666667	0.5	stimulus	DC	n/a	1	427241
357.28583333333336	0	response	n/a	top	8	428743
358.55083333333334	0.5	stimulus	DC	n/a	1	430261
359.5233333333333	0	response	n/a	top	8	431428
361.2175	0.5	stimulus	DC	n/a	1	433461
362.39916666666664	0	response	n/a	top	8	434879
363.7841666666667	0.5	stimulus	LC	n/a	3	436541
364.82916666666665	0	response	n/a	top	8	437795
366.5175	0.5	stimulus	DI	n/a	2	439821
367.4533333333333	0	response	n/a	top	8	440944
369.0175	0.5	stimulus	DC	n/a	1	442821
370.0416666666667	0	response	n/a	top	8	444050
371.5341666666667	0.5	stimulus	DC	n/a	1	445841
372.4075	0	response	n/a	top	8	446889
374.06666666666666	0.5	stimulus	NN	n/a	5	448880
376.6166666666667	0.5	stimulus	LI	n/a	4	451940
377.68833333333333	0	response	n/a	bottom	6	453226
379.1666666666667	0.5	stimulus	DI	n/a	2	455000
380.1025	0	response	n/a	bottom	6	456123
381.6666666666667	0.5	stimulus	NN	n/a	5	458000
382.72	0	response	n/a	top	8	459264
384.4	0.5	stimulus	LC	n/a	3	461280
385.70166666666665	0	response	n/a	top	8	462842
387.0833333333333	0.5	stimulus	DC	n/a	1	464500
388.135	0	response	n/a	top	8	465762
389.7658333333333	0.5	stimulus	DC	n/a	1	467719
390.82916666666665	0	response	n/a	bottom	6	468995
392.3825	0.5	stimulus	NN	n/a	5	470859
393.3425	0	response	n/a	top	8	472011
394.9325	0.5	stimulus	DC	n/a	1	473919
395.935	0	response	n/a	top	8	475122
397.64916666666664	0.5	stimulus	LI	n/a	4	477179
398.68416666666667	0	response	n/a	top	8	478421
400.2158333333333	0.5	stimulus	LC	n/a	3	480259
401.25333333333333	0	response	n/a	top	8	481504
402.7825	0.5	stimulus	NN	n/a	5	483339
403.8983333333333	0	response	n/a	bottom	6	484678
405.49833333333333	0.5	stimulus	LC	n/a	3	486598
406.6458333333333	0	response	n/a	top	8	487975
408.165	0.5	stimulus	NN	n/a	5	489798
409.285	0	response	n/a	top	8	491142
410.88166666666666	0.5	stimulus	NN	n/a	5	493058
411.93666666666667	0	response	n/a	top	8	494324
413.49833333333333	0.5	stimulus	LI	n/a	4	496198
414.6525	0	response	n/a	bottom	6	497583
416.015	0.5	stimulus	DI	n/a	2	499218
417.2191666666667	0	response	n/a	bottom	6	500663
418.6483333333333	0.5	stimulus	LI	n/a	4	502378
419.72833333333335	0	response	n/a	bottom	6	503674
421.1975	0.5	stimulus	NN	n/a	5	505437
422.2658333333333	0	response	n/a	bottom	6	506719
423.8308333333333	0.5	stimulus	NN	n/a	5	508597
424.8566666666667	0	response	n/a	top	8	509828
426.3475	0.5	stimulus	LI	n/a	4	511617
427.405	0	response	n/a	top	8	512886
428.8475	0.5	stimulus	NN	n/a	5	514617
429.8425	0	response	n/a	bottom	6	515811
431.46416666666664	0.5	stimulus	DI	n/a	2	517757
432.3691666666667	0	response	n/a	bottom	6	518843
434.1308333333333	0.5	stimulus	NN	n/a	5	520957
435.11083333333335	0	response	n/a	bottom	6	522133
436.8475	0.5	stimulus	LI	n/a	4	524217
437.8375	0	response	n/a	top	8	525405
439.58	0.5	stimulus	LC	n/a	3	527496
440.68083333333334	0	response	n/a	bottom	6	528817
442.24666666666667	0.5	stimulus	LI	n/a	4	530696
443.175	0	response	n/a	bottom	6	531810
444.86333333333334	0.5	stimulus	DI	n/a	2	533836
445.91	0	response	n/a	bottom	6	535092
447.39666666666665	0.5	stimulus	LC	n/a	3	536876
448.41333333333336	0	response	n/a	top	8	538096
450.13	0.5	stimulus	DC	n/a	1	540156
451.225	0	response	n/a	bottom	6	541470
452.64666666666665	0.5	stimulus	DC	n/a	1	543176
453.71416666666664	0	response	n/a	bottom	6	544457
455.1958333333333	0.5	stimulus	DI	n/a	2	546235
456.1225	0	response	n/a	bottom	6	547347
457.6458333333333	0.5	stimulus	NN	n/a	5	549175
458.6691666666667	0	response	n/a	top	8	550403
460.12916666666666	0.5	stimulus	NN	n/a	5	552155
461.35	0	response	n/a	top	8	553620
462.8125	0.5	stimulus	DI	n/a	2	555375
463.84583333333336	0	response	n/a	top	8	556615
465.4458333333333	0.5	stimulus	DI	n/a	2	558535
466.31	0	response	n/a	top	8	559572
468.1625	0.5	stimulus	LI	n/a	4	561795
469.26416666666665	0	response	n/a	top	8	563117
470.845	0.5	stimulus	NN	n/a	5	565014
471.8491666666667	0	response	n/a	top	8	566219
473.495	0.5	stimulus	DI	n/a	2	568194
474.56416666666667	0	response	n/a	top	8	569477
476.0283333333333	0.5	stimulus	LI	n/a	4	571234
477.1925	0	response	n/a	top	8	572631
478.62833333333333	0.5	stimulus	DC	n/a	1	574354
479.60083333333336	0	response	n/a	top	8	575521
481.3616666666667	0.5	stimulus	NN	n/a	5	577634
482.2941666666667	0	response	n/a	top	8	578753
483.92833333333334	0.5	stimulus	LI	n/a	4	580714
484.85083333333336	0	response	n/a	top	8	581821
486.66083333333336	0.5	stimulus	DI	n/a	2	583993
487.4975	0	response	n/a	top	8	584997
489.31083333333333	0.5	stimulus	DC	n/a	1	587173
491.91083333333336	0.5	stimulus	NN	n/a	5	590293
492.7583333333333	0	response	n/a	bottom	6	591310
494.4941666666667	0.5	stimulus	LC	n/a	3	593393
495.61	0	response	n/a	top	8	594732
497.2108333333333	0.5	stimulus	NN	n/a	5	596653
498.1558333333333	0	response	n/a	bottom	6	597787
499.7775	0.5	stimulus	LC	n/a	3	599733
500.84	0	response	n/a	bottom	6	601008
502.4433333333333	0.5	stimulus	LC	n/a	3	602932
503.5125	0	response	n/a	bottom	6	604215
505.16	0.5	stimulus	LC	n/a	3	606192
506.3225	0	response	n/a	bottom	6	607587
507.9266666666667	0.5	stimulus	NN	n/a	5	609512
509.2025	0	response	n/a	top	8	611043
510.51	0.5	stimulus	DI	n/a	2	612612
511.6816666666667	0	response	n/a	top	8	614018
513.1933333333334	0.5	stimulus	LC	n/a	3	615832
514.385	0	response	n/a	bottom	6	617262
515.9433333333334	0.5	stimulus	DI	n/a	2	619132
517.1091666666666	0	response	n/a	bottom	6	620531
518.5433333333333	0.5	stimulus	DC	n/a	1	622252
519.6891666666667	0	response	n/a	top	8	623627
521.2091666666666	0.5	stimulus	NN	n/a	5	625451
522.3091666666667	0	response	n/a	top	8	626771
523.8258333333333	0.5	stimulus	DC	n/a	1	628591
524.7616666666667	0	response	n/a	top	8	629714
526.5925	0.5	stimulus	DC	n/a	1	631911
527.7283333333334	0	response	n/a	bottom	6	633274
529.2925	0.5	stimulus	LC	n/a	3	635151
530.4925	0	response	n/a	top	8	636591
531.8758333333334	0.5	stimulus	DC	n/a	1	638251
532.8941666666667	0	response	n/a	bottom	6	639473
534.4591666666666	0.5	stimulus	LI	n/a	4	641351
535.5375	0	response	n/a	top	8	642645
536.9583333333334	0.5	stimulus	LI	n/a	4	644350
537.8825	0	response	n/a	top	8	645459
539.5916666666667	0.5	stimulus	DC	n/a	1	647510
540.4683333333334	0	response	n/a	top	8	648562
542.0916666666667	0.5	stimulus	DC	n/a	1	650510
543.17	0	response	n/a	bottom	6	651804
544.7583333333333	0.5	stimulus	NN	n/a	5	653710
545.9041666666667	0	response	n/a	top	8	655085
547.2916666666666	0.5	stimulus	LC	n/a	3	656750
548.2416666666667	0	response	n/a	bottom	6	657890
549.925	0.5	stimulus	LI	n/a	4	659910
551.065	0	response	n/a	bottom	6	661278
552.7075	0.5	stimulus	NN	n/a	5	663249
553.8858333333334	0	response	n/a	top	8	664663
555.4241666666667	0.5	stimulus	LI	n/a	4	666509
556.7175	0	response	n/a	top	8	668061
558.0075	0.5	stimulus	LI	n/a	4	669609
559.1741666666667	0	response	n/a	bottom	6	671009
560.5408333333334	0.5	stimulus	LC	n/a	3	672649
561.6108333333333	0	response	n/a	bottom	6	673933
563.0908333333333	0.5	stimulus	LC	n/a	3	675709
564.16	0	response	n/a	top	8	676992
565.7408333333333	0.5	stimulus	DC	n/a	1	678889
566.8941666666667	0	response	n/a	top	8	680273
568.2575	0.5	stimulus	DC	n/a	1	681909
569.3125	0	response	n/a	top	8	683175
570.99	0.5	stimulus	NN	n/a	5	685188
572.0833333333334	0	response	n/a	bottom	6	686500
573.5566666666666	0.5	stimulus	NN	n/a	5	688268
574.6275	0	response	n/a	bottom	6	689553
576.04	0.5	stimulus	LC	n/a	3	691248
576.9266666666666	0	response	n/a	bottom	6	692312
578.5066666666667	0.5	stimulus	NN	n/a	5	694208
579.5025	0	response	n/a	bottom	6	695403
581.0733333333334	0.5	stimulus	LI	n/a	4	697288
582.3116666666666	0	response	n/a	top	8	698774
583.6225	0.5	stimulus	LC	n/a	3	700347
584.9683333333334	0	response	n/a	bottom	6	701962
586.1225	0.5	stimulus	LI	n/a	4	703347
587.1933333333334	0	response	n/a	top	8	704632
588.6725	0.5	stimulus	LI	n/a	4	706407
590.5033333333333	0	response	n/a	top	8	708604
591.4225	0.5	stimulus	NN	n/a	5	709707
592.4125	0	response	n/a	top	8	710895
593.9891666666666	0.5	stimulus	DC	n/a	1	712787
594.9658333333333	0	response	n/a	bottom	6	713959
596.4891666666666	0.5	stimulus	DI	n/a	2	715787
597.52	0	response	n/a	top	8	717024
598.9725	0.5	stimulus	NN	n/a	5	718767
600.2175	0	response	n/a	bottom	6	720261
601.5383333333333	0.5	stimulus	NN	n/a	5	721846
602.4758333333333	0	response	n/a	bottom	6	722971
604.255	0.5	stimulus	DC	n/a	1	725106
605.1933333333334	0	response	n/a	bottom	6	726232
607.0216666666666	0.5	stimulus	NN	n/a	5	728426
608.4108333333334	0	response	n/a	top	8	730093
609.605	0.5	stimulus	NN	n/a	5	731526
610.5158333333334	0	response	n/a	top	8	732619
612.2383333333333	0.5	stimulus	NN	n/a	5	734686
613.4691666666666	0	response	n/a	bottom	6	736163
614.7716666666666	0.5	stimulus	NN	n/a	5	737726
616.0816666666667	0	response	n/a	bottom	6	739298
617.3883333333333	0.5	stimulus	LC	n/a	3	740866
618.2791666666667	0	response	n/a	top	8	741935
620.1375	0.5	stimulus	NN	n/a	5	744165
621.2183333333334	0	response	n/a	bottom	6	745462
622.8208333333333	0.5	stimulus	NN	n/a	5	747385
623.84	0	response	n/a	top	8	748608
625.4041666666667	0.5	stimulus	NN	n/a	5	750485
626.4625	0	response	n/a	bottom	6	751755
627.8875	0.5	stimulus	LI	n/a	4	753465
628.88	0	response	n/a	top	8	754656
630.6375	0.5	stimulus	DI	n/a	2	756765
631.595	0	response	n/a	top	8	757914
633.3541666666666	0.5	stimulus	LI	n/a	4	760025
634.2433333333333	0	response	n/a	top	8	761092
636.02	0.5	stimulus	DI	n/a	2	763224
636.9258333333333	0	response	n/a	top	8	764311
638.4866666666667	0.5	stimulus	DI	n/a	2	766184
639.6233333333333	0	response	n/a	bottom	6	767548
641.02	0.5	stimulus	NN	n/a	5	769224
642.0566666666666	0	response	n/a	top	8	770468
643.5533333333333	0.5	stimulus	NN	n/a	5	772264
644.6233333333333	0	response	n/a	bottom	6	773548
646.27	0.5	stimulus	LC	n/a	3	775524
647.4633333333334	0	response	n/a	bottom	6	776956
648.8866666666667	0.5	stimulus	NN	n/a	5	778664
650.0983333333334	0	response	n/a	top	8	780118
651.5191666666667	0.5	stimulus	LI	n/a	4	781823
652.7258333333333	0	response	n/a	bottom	6	783271
654.1025	0.5	stimulus	LI	n/a	4	784923
655.9758333333333	0	response	n/a	bottom	6	787171
656.7025	0.5	stimulus	DI	n/a	2	788043
657.7633333333333	0	response	n/a	bottom	6	789316
659.2525	0.5	stimulus	LC	n/a	3	791103
660.1425	0	response	n/a	bottom	6	792171
661.7358333333333	0.5	stimulus	NN	n/a	5	794083
662.7933333333333	0	response	n/a	top	8	795352
664.5025	0.5	stimulus	NN	n/a	5	797403
665.6083333333333	0	response	n/a	bottom	6	798730
667.1683333333333	0.5	stimulus	NN	n/a	5	800602
668.2483333333333	0	response	n/a	top	8	801898
669.8516666666667	0.5	stimulus	LC	n/a	3	803822
670.9808333333333	0	response	n/a	bottom	6	805177
672.5016666666667	0.5	stimulus	LC	n/a	3	807002
673.6358333333334	0	response	n/a	top	8	808363
675.0683333333334	0.5	stimulus	LI	n/a	4	810082
676.1983333333334	0	response	n/a	bottom	6	811438
677.585	0.5	stimulus	NN	n/a	5	813102
678.6758333333333	0	response	n/a	top	8	814411
680.2683333333333	0.5	stimulus	DI	n/a	2	816322
681.1858333333333	0	response	n/a	bottom	6	817423
682.8675	0.5	stimulus	NN	n/a	5	819441
683.7983333333333	0	response	n/a	bottom	6	820558
685.4675	0.5	stimulus	DI	n/a	2	822561
686.5166666666667	0	response	n/a	top	8	823820
687.9508333333333	0.5	stimulus	DI	n/a	2	825541
688.885	0	response	n/a	bottom	6	826662
690.5675	0.5	stimulus	DI	n/a	2	828681
691.5433333333333	0	response	n/a	bottom	6	829852
693.3008333333333	0.5	stimulus	NN	n/a	5	831961
694.1925	0	response	n/a	bottom	6	833031
696.0008333333334	0.5	stimulus	LC	n/a	3	835201
697.0858333333333	0	response	n/a	top	8	836503
698.7675	0.5	stimulus	LI	n/a	4	838521
700.11	0	response	n/a	bottom	6	840132
701.3333333333334	0.5	stimulus	DC	n/a	1	841600
702.185	0	response	n/a	bottom	6	842622
704.0	0.5	stimulus	LC	n/a	3	844800
705.05	0	response	n/a	top	8	846060
706.7166666666667	0.5	stimulus	DI	n/a	2	848060
707.6566666666666	0	response	n/a	bottom	6	849188
709.4666666666667	0.5	stimulus	DC	n/a	1	851360
710.5	0	response	n/a	top	8	852600
712.15	0.5	stimulus	LI	n/a	4	854580
713.3216666666667	0	response	n/a	top	8	855986
714.8	0.5	stimulus	NN	n/a	5	857760
715.8016666666666	0	response	n/a	bottom	6	858962
717.3991666666667	0.5	stimulus	DC	n/a	1	860879
718.5858333333333	0	response	n/a	top	8	862303
719.9658333333333	0.5	stimulus	DC	n/a	1	863959
721.0516666666666	0	response	n/a	bottom	6	865262
722.6325	0.5	stimulus	LC	n/a	3	867159
723.56	0	response	n/a	bottom	6	868272
725.1991666666667	0.5	stimulus	DC	n/a	1	870239
726.2075	0	response	n/a	top	8	871449
727.8325	0.5	stimulus	LC	n/a	3	873399
728.9058333333334	0	response	n/a	bottom	6	874687
730.4491666666667	0.5	stimulus	NN	n/a	5	876539
731.3575	0	response	n/a	bottom	6	877629
733.0983333333334	0.5	stimulus	NN	n/a	5	879718
734.1091666666666	0	response	n/a	top	8	880931
735.5983333333334	0.5	stimulus	NN	n/a	5	882718
736.465	0	response	n/a	bottom	6	883758
738.0983333333334	0.5	stimulus	DI	n/a	2	885718
739.23	0	response	n/a	top	8	887076
740.565	0.5	stimulus	NN	n/a	5	888678
741.7691666666667	0	response	n/a	top	8	890123
743.315	0.5	stimulus	LI	n/a	4	891978
744.3858333333334	0	response	n/a	top	8	893263
745.7983333333333	0.5	stimulus	DI	n/a	2	894958
746.675	0	response	n/a	top	8	896010
748.3308333333333	0.5	stimulus	NN	n/a	5	897997
749.395	0	response	n/a	bottom	6	899274
750.8475	0.5	stimulus	DI	n/a	2	901017
751.9233333333333	0	response	n/a	top	8	902308
753.5141666666667	0.5	stimulus	NN	n/a	5	904217
754.53	0	response	n/a	bottom	6	905436
756.2141666666666	0.5	stimulus	NN	n/a	5	907457
757.2516666666667	0	response	n/a	top	8	908702
758.6975	0.5	stimulus	LC	n/a	3	910437
759.7991666666667	0	response	n/a	bottom	6	911759
761.2141666666666	0.5	stimulus	NN	n/a	5	913457
762.0625	0	response	n/a	top	8	914475
763.73	0.5	stimulus	DC	n/a	1	916476
764.7633333333333	0	response	n/a	bottom	6	917716
766.3633333333333	0.5	stimulus	LC	n/a	3	919636
767.3866666666667	0	response	n/a	bottom	6	920864
768.9966666666667	0.5	stimulus	DI	n/a	2	922796
769.9566666666667	0	response	n/a	bottom	6	923948
771.7133333333334	0.5	stimulus	NN	n/a	5	926056
772.785	0	response	n/a	top	8	927342
774.4133333333333	0.5	stimulus	DI	n/a	2	929296
775.275	0	response	n/a	top	8	930330
777.18	0.5	stimulus	LC	n/a	3	932616
778.2066666666667	0	response	n/a	bottom	6	933848
779.8133333333334	0.5	stimulus	DC	n/a	1	935776
780.8908333333334	0	response	n/a	top	8	937069
782.2958333333333	0.5	stimulus	LI	n/a	4	938755
783.3275	0	response	n/a	bottom	6	939993
784.8958333333334	0.5	stimulus	NN	n/a	5	941875
786.0141666666667	0	response	n/a	bottom	6	943217
787.4791666666666	0.5	stimulus	LI	n/a	4	944975
788.6233333333333	0	response	n/a	top	8	946348
790.2125	0.5	stimulus	NN	n/a	5	948255
791.2	0	response	n/a	top	8	949440
792.7291666666666	0.5	stimulus	LI	n/a	4	951275
793.8725	0	response	n/a	top	8	952647
795.2125	0.5	stimulus	NN	n/a	5	954255
796.2575	0	response	n/a	bottom	6	955509
797.795	0.5	stimulus	LC	n/a	3	957354
798.9341666666667	0	response	n/a	top	8	958721
800.5116666666667	0.5	stimulus	NN	n/a	5	960614
801.4633333333334	0	response	n/a	bottom	6	961756
803.095	0.5	stimulus	NN	n/a	5	963714
804.1716666666666	0	response	n/a	top	8	965006
805.6616666666666	0.5	stimulus	LI	n/a	4	966794
806.7766666666666	0	response	n/a	bottom	6	968132
808.1783333333333	0.5	stimulus	DI	n/a	2	969814
809.3616666666667	0	response	n/a	top	8	971234
810.9283333333333	0.5	stimulus	NN	n/a	5	973114
811.8616666666667	0	response	n/a	top	8	974234
813.5775	0.5	stimulus	NN	n/a	5	976293
814.5058333333334	0	response	n/a	top	8	977407
816.1108333333333	0.5	stimulus	NN	n/a	5	979333
817.1266666666667	0	response	n/a	bottom	6	980552
818.5941666666666	0.5	stimulus	DC	n/a	1	982313
819.7583333333333	0	response	n/a	top	8	983710
821.2108333333333	0.5	stimulus	NN	n/a	5	985453
822.2883333333333	0	response	n/a	bottom	6	986746
823.7941666666667	0.5	stimulus	DI	n/a	2	988553
824.7683333333333	0	response	n/a	bottom	6	989722
826.3441666666666	0.5	stimulus	DC	n/a	1	991613
827.2658333333334	0	response	n/a	bottom	6	992719
828.9275	0.5	stimulus	DC	n/a	1	994713
829.8566666666667	0	response	n/a	bottom	6	995828
831.5766666666667	0.5	stimulus	LI	n/a	4	997892
832.5275	0	response	n/a	bottom	6	999033
834.2266666666667	0.5	stimulus	DI	n/a	2	1001072
835.3191666666667	0	response	n/a	top	8	1002383
836.7433333333333	0.5	stimulus	LC	n/a	3	1004092
837.6566666666666	0	response	n/a	top	8	1005188
839.3433333333334	0.5	stimulus	DC	n/a	1	1007212
840.36	0	response	n/a	bottom	6	1008432
841.9266666666666	0.5	stimulus	LI	n/a	4	1010312
843.0041666666667	0	response	n/a	top	8	1011605
844.4933333333333	0.5	stimulus	DI	n/a	2	1013392
845.565	0	response	n/a	top	8	1014678
847.2091666666666	0.5	stimulus	NN	n/a	5	1016651
848.3808333333334	0	response	n/a	top	8	1018057
849.7091666666666	0.5	stimulus	NN	n/a	5	1019651
850.6758333333333	0	response	n/a	top	8	1020811
852.2591666666667	0.5	stimulus	DI	n/a	2	1022711
854.0083333333333	0	response	n/a	bottom	6	1024810
854.8258333333333	0.5	stimulus	LI	n/a	4	1025791
855.7141666666666	0	response	n/a	bottom	6	1026857
857.5925	0.5	stimulus	NN	n/a	5	1029111
858.6333333333333	0	response	n/a	top	8	1030360
860.3425	0.5	stimulus	NN	n/a	5	1032411
861.1833333333333	0	response	n/a	top	8	1033420
862.975	0.5	stimulus	LC	n/a	3	1035570
864.0141666666667	0	response	n/a	bottom	6	1036817
865.6916666666667	0.5	stimulus	LC	n/a	3	1038830
866.7158333333333	0	response	n/a	top	8	1040059
868.325	0.5	stimulus	NN	n/a	5	1041990
869.3958333333334	0	response	n/a	bottom	6	1043275
871.0916666666667	0.5	stimulus	DC	n/a	1	1045310
872.0508333333333	0	response	n/a	top	8	1046461
873.7416666666667	0.5	stimulus	LI	n/a	4	1048490
874.7166666666667	0	response	n/a	bottom	6	1049660
876.4416666666667	0.5	stimulus	DC	n/a	1	1051730
877.3466666666667	0	response	n/a	top	8	1052816
878.9575	0.5	stimulus	DC	n/a	1	1054749
879.9708333333333	0	response	n/a	bottom	6	1055965
